ID,Probability,Label,Sequence
Tested_001|AMP,0.92563987,Yes,FGFMIRCANKRR
Tested_002|AMP,0.99996877,Yes,GRMRWKWIKKRI
Tested_003|AMP,0.99967813,Yes,FKKIEKAVRRVR
Tested_004|AMP,0.9993285,Yes,LGKRALKKIIKR
Tested_005|AMP,0.9993224,Yes,FKKLLQKVINKI
Tested_006|AMP,0.9998875,Yes,KIAGKVVKKLAT
Tested_007|AMP,0.97965497,Yes,RRKGRLYVINKI
Tested_008|AMP,0.8923301,Yes,TIGGKRVIAARR
Tested_009|AMP,0.9347327,Yes,LFKFLGKKVLKT
Tested_010|AMP,0.9751886,Yes,WKKKGRMRWKWI
Tested_011|AMP,0.99990773,Yes,LPALISWIKRKR
Tested_012|AMP,0.6159428,Yes,EKLLILDVMKKR
Tested_013|AMP,0.9950217,Yes,LFKFLAKKVAKT
Tested_014|AMP,0.9840257,Yes,KGRKALSRWWVR
Tested_015|AMP,0.9623203,Yes,IDDLKKVAKKVR
Tested_016|AMP,0.9853656,Yes,FKFLGKKVLKTV
Tested_017|AMP,0.8758528,Yes,VSKAGIISRRRL
Tested_018|AMP,0.9934144,Yes,KVAIGIKAINKK
Tested_019|AMP,0.7912989,Yes,VIKARRAKGRVR
Tested_020|AMP,0.9637351,Yes,LKIKVHIYRMKR
Tested_021|AMP,0.9181428,Yes,RAPVWITVKTKR
Tested_022|AMP,0.97132313,Yes,SKFVKNKCRVIV
Tested_023|AMP,0.97793496,Yes,LGSFLKKAWKSK
Tested_024|AMP,0.98224926,Yes,VGGRRIIAARRR
Tested_025|AMP,0.75741,Yes,ITVTGRAILKKR
Tested_026|AMP,0.8462509,Yes,IAKVFKGVGKVR
Tested_027|AMP,0.9788697,Yes,EIWRRRIAAQRR
Tested_028|AMP,0.95441234,Yes,FRVCYRGICYRR
Tested_029|AMP,0.87702596,Yes,IIKTLKMSARKR
Tested_030|AMP,0.92258894,Yes,VRRRGKVYVINK
Tested_031|AMP,0.8665918,Yes,KEKICKIIEAKI
Tested_032|AMP,0.99973184,Yes,KKAWKSKLAKKL
Tested_033|AMP,0.9998898,Yes,GLKSFARVLKKI
Tested_034|AMP,0.90851706,Yes,IRARRAKGRVRL
Tested_035|AMP,0.88902533,Yes,KGRIYVINKVQR
Tested_036|AMP,0.9951277,Yes,KVSAKIVELKKR
Tested_037|AMP,0.91727567,Yes,LTILSLKRKGIR
Tested_038|AMP,0.9014148,Yes,LKLKSIVSWAKK
Tested_039|AMP,0.9030001,Yes,RGFVRLKKWFNI
Tested_040|AMP,0.9926716,Yes,RARGRKRLVVTI
Tested_041|AMP,0.99982667,Yes,VGIKVYKWVRRA
Tested_042|AMP,0.96246535,Yes,SGRKVIAARRAR
Tested_043|AMP,0.9837446,Yes,LLSKIFGKRSLR
Tested_044|AMP,0.98655504,Yes,RLHGFLIRMRTR
Tested_045|AMP,0.91785336,Yes,AELLRHRWGRLR
Tested_046|AMP,0.99659085,Yes,RLLLEIARRRMR
Tested_047|AMP,0.99953353,Yes,KLGSFLKKAWKS
Tested_048|AMP,0.9975691,Yes,LIKKAGGWLKKK
Tested_049|AMP,0.9884447,Yes,FLAKKVAKTVAK
Tested_050|AMP,0.9897125,Yes,KLVRRKGRLYVI
Tested_051|AMP,0.996818,Yes,KVRNSLRALKKI
Tested_052|AMP,0.6599231,Yes,KVKKMFSSNVKL
Tested_053|AMP,0.9999563,Yes,RVLKKVLPKAAK
Tested_054|AMP,0.898415,Yes,IFRRTVARVGRR
Tested_055|AMP,0.97400033,Yes,RKVIAARRLKGR
Tested_056|AMP,0.97354853,Yes,RAGRAIVSARRR
Tested_057|AMP,0.6532843,Yes,RLRSTKVIKIHI
Tested_058|AMP,0.96382487,Yes,RVIRRRGRTYII
Tested_059|AMP,0.9508486,Yes,FRVCYRGICYRK
Tested_060|AMP,0.6241913,Yes,IRVSGFRARMRT
Tested_061|AMP,0.9998336,Yes,RLLLEIARKKAK
Tested_062|AMP,0.99582946,Yes,RRRAKGRIRLIV
Tested_063|AMP,0.65072286,Yes,IRISGFRARMKT
Tested_064|AMP,0.6290083,Yes,RAKGRKNLAVRI
Tested_065|AMP,0.30216908,No,FRLRMRNSGRAI
Tested_066|AMP,0.9705294,Yes,WKKIKGAGKAVL
Tested_067|AMP,0.76071155,Yes,IKKLVAAGKLTK
Tested_068|AMP,0.9255177,Yes,RRVIAARRARGR
Tested_069|AMP,0.9973631,Yes,GFLARMKTKAGR
Tested_070|AMP,0.6404442,Yes,LKRARVHGFRAR
Tested_071|AMP,0.99628276,Yes,FGRIGRLAFRRI
Tested_072|AMP,0.9999912,Yes,GIGKFLHSAKKF
Tested_073|AMP,0.7762368,Yes,KTKAGRAVINAR
Tested_074|AMP,0.89365464,Yes,LVRARRHGYRAR
Tested_075|AMP,0.7837811,Yes,YSVKLAKPVKAK
Tested_076|AMP,0.9790603,Yes,AKLLLNPKFRCK
Tested_077|AMP,0.9719988,Yes,KRASGFLARMKT
Tested_078|AMP,0.48592138,No,IRMKTKSGRAVL
Tested_079|AMP,0.9791718,Yes,ANIKSAIKRAKT
Tested_080|AMP,0.53910404,Yes,FRARLATVGGRK
Tested_081|AMP,0.9694885,Yes,RVVRRKGRIYIL
Tested_082|AMP,0.9992832,Yes,LRLGKRALKKII
Tested_083|AMP,0.9988337,Yes,KVVKRKGVVRVI
Tested_084|AMP,0.999949,Yes,KKLLQKVIKKIK
Tested_085|AMP,0.9961182,Yes,KIIRRKNIIRVI
Tested_086|AMP,0.99999714,Yes,RALKKIIKRLCR
Tested_087|AMP,0.8126588,Yes,VRRKGRIYILNK
Tested_088|AMP,0.8953364,Yes,ILAARRARGRKR
Tested_089|AMP,0.9999523,Yes,KKILGKIIKVVK
Tested_090|AMP,0.99747,Yes,WLKKAGGWLKKK
Tested_091|AMP,0.9984988,Yes,KAWKSKLAKKLR
Tested_092|AMP,0.9851492,Yes,KLGRKKIKNLLI
Tested_093|AMP,0.99920475,Yes,LQKVIKKIKSFR
Tested_094|AMP,0.9987328,Yes,RIIRRHGIVRVI
Tested_095|AMP,0.9956084,Yes,LKKVGKHVAKNV
Tested_096|AMP,0.9991138,Yes,KKIKSGLIKIIK
Tested_097|AMP,0.99947584,Yes,WLKKIGKKIGRV
Tested_098|AMP,0.9999813,Yes,RVLKKILPKAAK
Tested_099|AMP,0.9993317,Yes,MLIRVRKLWRIL
Tested_100|AMP,0.98293215,Yes,LLILWRKLWILR
Tested_101|AMP,0.9985732,Yes,ILVRIWIRLKLR
Tested_102|AMP,0.94848657,Yes,VLRIGWILWRIS
Tested_103|AMP,0.16960067,No,MVLRIWLILWI
Tested_104|AMP,0.9902209,Yes,ILRVARKLWILS
Tested_105|AMP,0.9962029,Yes,MVLRIKLRLKIR
Tested_106|AMP,0.950781,Yes,MAVRIWLLRVAR
Tested_107|AMP,0.37898278,No,HVRIQGLLWLV
Tested_108|AMP,0.972088,Yes,LLLWIVKIRVGS
Controal,0.99209774,Yes,VRLIVAVRIWRR