Seq. ID,Class,Sequence
MySeq_001|AMP,Non-AMP,FGFMIRCANKRR
MySeq_002|AMP,AMP,GRMRWKWIKKRI
MySeq_003|AMP,AMP,FKKIEKAVRRVR
MySeq_004|AMP,AMP,LGKRALKKIIKR
MySeq_005|AMP,AMP,FKKLLQKVINKI
MySeq_006|AMP,AMP,KIAGKVVKKLAT
MySeq_007|AMP,Non-AMP,RRKGRLYVINKI
MySeq_008|AMP,Non-AMP,TIGGKRVIAARR
MySeq_009|AMP,AMP,LFKFLGKKVLKT
MySeq_010|AMP,AMP,WKKKGRMRWKWI
MySeq_011|AMP,Non-AMP,LPALISWIKRKR
MySeq_012|AMP,Non-AMP,EKLLILDVMKKR
MySeq_013|AMP,AMP,LFKFLAKKVAKT
MySeq_014|AMP,AMP,KGRKALSRWWVR
MySeq_015|AMP,AMP,IDDLKKVAKKVR
MySeq_016|AMP,AMP,FKFLGKKVLKTV
MySeq_017|AMP,AMP,VSKAGIISRRRL
MySeq_018|AMP,Non-AMP,KVAIGIKAINKK
MySeq_019|AMP,Non-AMP,VIKARRAKGRVR
MySeq_020|AMP,Non-AMP,LKIKVHIYRMKR
MySeq_021|AMP,Non-AMP,RAPVWITVKTKR
MySeq_022|AMP,AMP,SKFVKNKCRVIV
MySeq_023|AMP,AMP,LGSFLKKAWKSK
MySeq_024|AMP,Non-AMP,VGGRRIIAARRR
MySeq_025|AMP,Non-AMP,ITVTGRAILKKR
MySeq_026|AMP,AMP,IAKVFKGVGKVR
MySeq_027|AMP,Non-AMP,EIWRRRIAAQRR
MySeq_028|AMP,Non-AMP,FRVCYRGICYRR
MySeq_029|AMP,AMP,IIKTLKMSARKR
MySeq_030|AMP,Non-AMP,VRRRGKVYVINK
MySeq_031|AMP,Non-AMP,KEKICKIIEAKI
MySeq_032|AMP,Non-AMP,KKAWKSKLAKKL
MySeq_033|AMP,AMP,GLKSFARVLKKI
MySeq_034|AMP,Non-AMP,IRARRAKGRVRL
MySeq_035|AMP,Non-AMP,KGRIYVINKVQR
MySeq_036|AMP,Non-AMP,KVSAKIVELKKR
MySeq_037|AMP,Non-AMP,LTILSLKRKGIR
MySeq_038|AMP,Non-AMP,LKLKSIVSWAKK
MySeq_039|AMP,AMP,RGFVRLKKWFNI
MySeq_040|AMP,AMP,RARGRKRLVVTI
MySeq_041|AMP,AMP,VGIKVYKWVRRA
MySeq_042|AMP,AMP,SGRKVIAARRAR
MySeq_043|AMP,AMP,LLSKIFGKRSLR
MySeq_044|AMP,AMP,RLHGFLIRMRTR
MySeq_045|AMP,AMP,AELLRHRWGRLR
MySeq_046|AMP,AMP,RLLLEIARRRMR
MySeq_047|AMP,AMP,KLGSFLKKAWKS
MySeq_048|AMP,AMP,LIKKAGGWLKKK
MySeq_049|AMP,AMP,FLAKKVAKTVAK
MySeq_050|AMP,AMP,KLVRRKGRLYVI
MySeq_051|AMP,AMP,KVRNSLRALKKI
MySeq_052|AMP,AMP,KVKKMFSSNVKL
MySeq_053|AMP,AMP,RVLKKVLPKAAK
MySeq_054|AMP,AMP,IFRRTVARVGRR
MySeq_055|AMP,Non-AMP,RKVIAARRLKGR
MySeq_056|AMP,Non-AMP,RAGRAIVSARRR
MySeq_057|AMP,Non-AMP,RLRSTKVIKIHI
MySeq_058|AMP,AMP,RVIRRRGRTYII
MySeq_059|AMP,Non-AMP,FRVCYRGICYRK
MySeq_060|AMP,Non-AMP,IRVSGFRARMRT
MySeq_061|AMP,AMP,RLLLEIARKKAK
MySeq_062|AMP,AMP,RRRAKGRIRLIV
MySeq_063|AMP,Non-AMP,IRISGFRARMKT
MySeq_064|AMP,AMP,RAKGRKNLAVRI
MySeq_065|AMP,Non-AMP,FRLRMRNSGRAI
MySeq_066|AMP,AMP,WKKIKGAGKAVL
MySeq_067|AMP,Non-AMP,IKKLVAAGKLTK
MySeq_068|AMP,Non-AMP,RRVIAARRARGR
MySeq_069|AMP,Non-AMP,GFLARMKTKAGR
MySeq_070|AMP,AMP,LKRARVHGFRAR
MySeq_071|AMP,AMP,FGRIGRLAFRRI
MySeq_072|AMP,AMP,GIGKFLHSAKKF
MySeq_073|AMP,Non-AMP,KTKAGRAVINAR
MySeq_074|AMP,Non-AMP,LVRARRHGYRAR
MySeq_075|AMP,Non-AMP,YSVKLAKPVKAK
MySeq_076|AMP,Non-AMP,AKLLLNPKFRCK
MySeq_077|AMP,AMP,KRASGFLARMKT
MySeq_078|AMP,Non-AMP,IRMKTKSGRAVL
MySeq_079|AMP,AMP,ANIKSAIKRAKT
MySeq_080|AMP,Non-AMP,FRARLATVGGRK
MySeq_081|AMP,AMP,RVVRRKGRIYIL
MySeq_082|AMP,AMP,LRLGKRALKKII
MySeq_083|AMP,Non-AMP,KVVKRKGVVRVI
MySeq_084|AMP,AMP,KKLLQKVIKKIK
MySeq_085|AMP,AMP,KIIRRKNIIRVI
MySeq_086|AMP,AMP,RALKKIIKRLCR
MySeq_087|AMP,Non-AMP,VRRKGRIYILNK
MySeq_088|AMP,Non-AMP,ILAARRARGRKR
MySeq_089|AMP,AMP,KKILGKIIKVVK
MySeq_090|AMP,AMP,WLKKAGGWLKKK
MySeq_091|AMP,AMP,KAWKSKLAKKLR
MySeq_092|AMP,AMP,KLGRKKIKNLLI
MySeq_093|AMP,AMP,LQKVIKKIKSFR
MySeq_094|AMP,Non-AMP,RIIRRHGIVRVI
MySeq_095|AMP,AMP,LKKVGKHVAKNV
MySeq_096|AMP,AMP,KKIKSGLIKIIK
MySeq_097|AMP,AMP,WLKKIGKKIGRV
MySeq_098|AMP,AMP,RVLKKILPKAAK
MySeq_099|AMP,AMP,MLIRVRKLWRIL
MySeq_100|AMP,Non-AMP,LLILWRKLWILR
MySeq_101|AMP,AMP,ILVRIWIRLKLR
MySeq_102|AMP,Non-AMP,VLRIGWILWRIS
MySeq_103|AMP,Non-AMP,MVLRIWLILWI
MySeq_104|AMP,AMP,ILRVARKLWILS
MySeq_105|AMP,Non-AMP,MVLRIKLRLKIR
MySeq_106|AMP,Non-AMP,MAVRIWLLRVAR
MySeq_107|AMP,Non-AMP,HVRIQGLLWLV
MySeq_108|AMP,Non-AMP,LLLWIVKIRVGS
MySeq_109|AMP,Non-AMP,VRLIVAVRIWRR
